#sample_name,sample_id,SNPstart,SNPend,chr,startpos,endpos,chr_37,start_37,end_37,minorCN,totalCN
A375,906793,1,44052,1,61736,72302736,1,61736,72768419,1,3
A375,906793,44053,44099,1,72302816,72345466,1,72768499,72811149,0,6
A375,906793,44100,48032,1,72346221,78496930,1,72811904,78962615,1,3
A375,906793,48033,50073,1,78498640,81499565,1,78964325,81965250,0,2
A375,906793,50074,50243,1,81502277,81707976,1,81967962,82173661,1,3
A375,906793,50244,58745,1,81710297,94647490,1,82175982,95113046,0,2
A375,906793,58746,61928,1,94647861,99554018,1,95113417,100019574,1,3
A375,906793,61929,62680,1,99557362,100736878,1,100022918,101202434,0,3
A375,906793,62681,67211,1,100737557,107900762,1,101203113,108443384,1,3
A375,906793,67212,67753,1,107902285,108854363,1,108444907,109396985,0,3
A375,906793,67754,71762,1,108857946,114685275,1,109400568,115227896,1,3
A375,906793,71763,72183,1,114685510,115260597,1,115228131,115803218,0,3
A375,906793,72184,75507,-,-,-,1,115805053,143982530,1,3
A375,906793,75508,79942,-,-,-,1,144004687,154769072,1,4
A375,906793,79943,80963,1,154799440,156998953,1,154771916,156968745,1,3
A375,906793,80964,84149,1,156999475,161542941,1,156969267,161512731,1,4
A375,906793,84150,84210,1,161548149,161669769,1,161517939,161639559,1,2
A375,906793,84211,87863,1,161678448,166071318,1,161648238,166040555,1,4
A375,906793,87864,88677,1,166072362,167132746,1,166041599,167101983,0,4
A375,906793,88678,107084,1,167132945,194114910,1,167102182,194084040,1,4
A375,906793,107085,108329,1,194115167,196028433,1,194084297,195997563,0,4
A375,906793,108330,109187,1,196028533,197408931,1,195997663,197378061,2,5
A375,906793,109188,111746,1,197411930,201208410,1,197381060,201177538,1,4
A375,906793,111747,112182,1,201215382,201748593,1,201184510,201717721,0,3
A375,906793,112183,129124,1,201750148,226306814,1,201719276,226494515,1,4
A375,906793,129125,129320,1,226307834,226584051,1,226495535,226771752,0,3
A375,906793,129321,136904,1,226586086,237113756,1,226773787,237277056,1,4
A375,906793,136905,138329,1,237113798,238760568,1,237277098,238923868,2,5
A375,906793,138330,145427,1,238762996,248574147,1,238926296,248737448,1,4
A375,906793,145428,145438,1,248585894,248599628,1,248749195,248762929,0,0
A375,906793,145439,145461,1,248600053,248633913,1,248763354,248797214,0,2
A375,906793,145462,145612,-,-,-,1,248805339,249224389,1,4
A375,906793,145613,165490,2,12785,27523965,2,12785,27746832,1,3
A375,906793,165491,168818,2,27530104,32683762,2,27752971,32908829,0,3
A375,906793,168819,187394,2,32684857,57678221,2,32909924,57905356,1,3
A375,906793,187395,206698,2,57680234,88831555,2,57907369,89131068,0,3
A375,906793,206699,206841,2,88833612,89128612,2,89133125,89428095,0,6
A375,906793,206842,207233,-,-,-,2,89429660,95341701,0,3
A375,906793,207234,242809,2,94680915,153305452,2,95346640,154161966,0,2
A375,906793,242810,242904,2,153306652,153450959,2,154163166,154307473,0,3
A375,906793,242905,251199,2,153453866,167479147,2,154310380,168335657,0,2
A375,906793,251200,254057,2,167481617,171707081,2,168338127,172563591,0,1
A375,906793,254058,254074,2,171707511,171744029,2,172564021,172600539,0,2
A375,906793,254075,282799,2,171744206,217875009,2,172600716,218739732,1,2
A375,906793,282800,283409,2,217875368,219135911,2,218740091,220000633,0,2
A375,906793,283410,292237,2,219137812,232684310,2,220002534,233549020,1,2
A375,906793,292238,295024,2,232686976,236627088,2,233551686,237535731,0,2
A375,906793,295025,295219,2,236631316,236884693,2,237539959,237793336,0,1
A375,906793,295220,296608,2,236885169,238934094,2,237793812,239855790,0,2
A375,906793,296609,298442,2,238934164,242147306,2,239855860,243089457,1,2
A375,906793,298443,308764,3,18668,12165880,3,60346,12207380,1,3
A375,906793,308765,308960,3,12165938,12462140,3,12207438,12503639,1,2
A375,906793,308961,340441,3,12463661,60493914,3,12505160,60479647,1,3
A375,906793,340442,340555,3,60494195,60584082,3,60479928,60569815,1,2
A375,906793,340556,341011,3,60586340,61035240,3,60572073,61020912,1,3
A375,906793,341012,341435,3,61035458,61577626,3,61021130,61563300,1,4
A375,906793,341436,343294,3,61579413,63685772,3,61565087,63671448,1,3
A375,906793,343295,349474,3,63686830,71704798,3,63672506,71753949,0,3
A375,906793,349475,354317,3,71704835,79148773,3,71753986,79197923,1,3
A375,906793,354318,354951,3,79149472,80284962,3,79198622,80334112,0,3
A375,906793,354952,358201,3,80288391,86179681,3,80337541,86228831,1,3
A375,906793,358202,359162,3,86180550,87970160,3,86229700,88019310,0,3
A375,906793,359163,364508,-,-,-,3,88019493,100796370,1,3
A375,906793,364509,364928,3,101078035,101914059,3,100796879,101632903,0,3
A375,906793,364929,367185,3,101916801,105516039,3,101635645,105234883,1,3
A375,906793,367186,367924,3,105518490,106682084,3,105237334,106400931,0,3
A375,906793,367925,403079,3,106682308,162790391,3,106401155,162508179,1,3
A375,906793,403080,403155,3,162790405,162908785,3,162508193,162626573,1,6
A375,906793,403156,403438,3,162908816,163361962,3,162626604,163079750,1,3
A375,906793,403439,404806,3,163363496,165769182,3,163081284,165486970,1,2
A375,906793,404807,404964,3,165769833,166045631,3,165487621,165763419,0,1
A375,906793,404965,405676,3,166051098,167380486,3,165768886,167098274,0,2
A375,906793,405677,425436,3,167381139,198169248,3,167098927,197896119,1,2
A375,906793,425437,426357,4,12282,2317547,4,12282,2319274,1,3
A375,906793,426358,426582,4,2319210,2813905,4,2320937,2815632,0,2
A375,906793,426583,429791,4,2814047,7319383,4,2815774,7321110,1,3
A375,906793,429792,431448,4,7321723,10208766,4,7323450,10210390,0,3
A375,906793,431449,431471,4,10212536,10229174,4,10214160,10230798,0,0
A375,906793,431472,464337,-,-,-,4,10230813,62394596,0,3
A375,906793,464338,480827,4,61530330,87943623,4,62396048,88864775,0,2
A375,906793,480828,480935,4,87943969,88055004,4,88865121,88976156,0,4
A375,906793,480936,483644,4,88061794,92699328,4,88982946,93620479,0,2
A375,906793,483645,483775,4,92699633,92988993,4,93620784,93910144,0,1
A375,906793,483776,496361,4,92994822,113687497,4,93915973,114608653,0,2
A375,906793,496362,496832,4,113687562,114334122,4,114608718,115255278,0,3
A375,906793,496833,533697,4,114334757,174184088,4,115255913,175105239,0,2
A375,906793,533698,533720,4,174184491,174238343,4,175105642,175159494,0,0
A375,906793,533721,534636,4,174241323,175820346,4,175162474,176741497,0,2
A375,906793,534637,544868,4,175823243,190106769,4,176744394,191027924,0,3
A375,906793,544869,554990,5,15533,12134778,5,15533,12134890,1,3
A375,906793,554991,556104,5,12141269,14009316,5,12141381,14009425,0,2
A375,906793,556105,565529,5,14012137,29077795,5,14012246,29077902,1,3
A375,906793,565530,565653,5,29077810,29262369,5,29077917,29262476,1,2
A375,906793,565654,565725,5,29268136,29400374,5,29268243,29400481,0,4
A375,906793,565726,599655,-,-,-,5,29402690,87926055,1,3
A375,906793,599656,607143,5,88630256,101767318,5,87926074,101103022,0,3
A375,906793,607144,607527,5,101772980,102300514,5,101108684,101636218,0,4
A375,906793,607528,618318,5,102302272,118050923,5,101637976,117386618,0,3
A375,906793,618319,618329,5,118052728,118053390,5,117388423,117389085,0,0
A375,906793,618330,635924,5,118068646,146333244,5,117404341,145712807,0,3
A375,906793,635925,639949,5,146333601,152028483,5,145713164,151408044,1,3
A375,906793,639950,640285,5,152030733,152429520,5,151410294,151809081,1,4
A375,906793,640286,659976,5,152432908,181363320,5,151812469,180790321,1,3
A375,906793,659977,666967,6,149662,8376243,6,149662,8376476,1,2
A375,906793,666968,667265,6,8376916,8794845,6,8377149,8795078,0,2
A375,906793,667266,680864,6,8794995,27153546,6,8795228,27121325,1,2
A375,906793,680865,681849,6,27154393,29385631,6,27122172,29353408,0,2
A375,906793,681850,691349,6,29388269,44648124,6,29356046,44615861,1,2
A375,906793,691350,691755,6,44648233,45395601,6,44615970,45363338,0,2
A375,906793,691756,695514,6,45396059,51285714,6,45363796,51150512,1,2
A375,906793,695515,695805,6,51288190,51664186,6,51152988,51528984,1,3
A375,906793,695806,697003,6,51664304,53312110,6,51529102,53176908,1,2
A375,906793,697004,697249,6,53312596,53649264,6,53177394,53514062,1,3
A375,906793,697250,697545,6,53650332,54020657,6,53515130,53885455,1,2
A375,906793,697546,697611,6,54025475,54089781,6,53890273,53954579,1,3
A375,906793,697612,699613,6,54089916,57367993,6,53954714,57232791,1,2
A375,906793,699614,703681,-,-,-,6,57233743,67612586,1,3
A375,906793,703682,704950,6,66910670,68743216,6,67620563,69453108,1,4
A375,906793,704951,716736,6,68747333,86934734,6,69457225,87644452,1,2
A375,906793,716737,717255,6,86938848,87793276,6,87648566,88502994,0,2
A375,906793,717256,727023,6,87793591,103290165,6,88503309,103738040,1,2
A375,906793,727024,727068,6,103290210,103314187,6,103738085,103762062,0,5
A375,906793,727069,747475,6,103317596,135254606,6,103765471,135575744,1,2
A375,906793,747476,748697,6,135254981,137082277,6,135576119,137403414,0,2
A375,906793,748698,753816,6,137082390,145055767,6,137403527,145376903,1,2
A375,906793,753817,754643,6,145056786,146433181,6,145377922,146754317,0,2
A375,906793,754644,765323,6,146434568,161469955,6,146755704,161890987,1,2
A375,906793,765324,765454,6,161470991,161616210,6,161892023,162037242,0,1
A375,906793,765455,765455,-,-,-,6,162038560,162038560,0,2
A375,906793,765456,772173,6,161617606,170741918,6,162038638,171051006,1,2
A375,906793,772174,782953,7,43259,15546699,7,43259,15586324,1,3
A375,906793,782954,796806,7,15546767,33648705,7,15586392,33688317,0,3
A375,906793,796807,805082,7,33649871,45774987,7,33689483,45814586,1,3
A375,906793,805083,805619,7,45776137,46530149,7,45815736,46569747,0,3
A375,906793,805620,817420,-,-,-,7,46570611,69596963,1,3
A375,906793,817421,817635,7,70132086,70513301,7,69597072,69978287,0,2
A375,906793,817636,819821,7,70514354,75603926,7,69979340,75233244,1,3
A375,906793,819822,841667,7,75605175,110966348,7,75234493,110606404,0,3
A375,906793,841668,841886,7,110968066,111292365,7,110608122,110932421,0,2
A375,906793,841887,846797,7,111297039,119496050,7,110937095,119136104,0,3
A375,906793,846798,847012,7,119499757,119876198,7,119139811,119516252,0,2
A375,906793,847013,862169,7,119876611,143521766,7,119516665,143218859,0,3
A375,906793,862170,862273,-,-,-,7,143218969,143572167,0,2
A375,906793,862274,867555,7,143875193,152219466,7,143572286,151916551,0,3
A375,906793,867556,867674,7,152223079,152556009,7,151920164,152253094,0,5
A375,906793,867675,872551,7,152560875,159334315,7,152257960,159127005,0,3
A375,906793,872552,876026,8,81255,3848628,8,31255,3706150,1,2
A375,906793,876027,876745,8,3848732,4246895,8,3706254,4104417,0,2
A375,906793,876746,891616,8,4247134,20327313,8,4104656,20184824,1,2
A375,906793,891617,892022,8,20327594,20732165,8,20185105,20589676,0,2
A375,906793,892023,904313,8,20732277,39389157,8,20589788,39246676,1,2
A375,906793,904314,904371,8,39389593,39529447,8,39247112,39386966,0,0
A375,906793,904372,904953,8,39530781,40324047,8,39388300,40181566,0,2
A375,906793,904954,907262,-,-,-,8,40181613,47663693,1,2
A375,906793,907263,928792,8,46752572,81237781,8,47664194,82150016,1,3
A375,906793,928793,931419,8,81238227,85993361,8,82150462,87005590,0,3
A375,906793,931420,945761,8,85996324,109143662,8,87008553,110155891,1,3
A375,906793,945762,946524,8,109144093,110531114,8,110156322,111543343,0,3
A375,906793,946525,950923,8,110531438,117849229,8,111543667,118861468,1,3
A375,906793,950924,951014,8,117854709,117995037,8,118866948,119007276,0,2
A375,906793,951015,960985,8,118000450,131876945,8,119012689,132889192,1,3
A375,906793,960986,961334,8,131877552,132301088,8,132889799,133313335,0,3
A375,906793,961335,963979,8,132301298,135350666,8,133313545,136362909,1,3
A375,906793,963980,964879,8,135353972,136533583,8,136366215,137545826,0,1
A375,906793,964880,965116,8,136535016,136829603,8,137547259,137841846,0,3
A375,906793,965117,970267,8,136832034,145072770,8,137844277,146298156,1,3
A375,906793,970268,990286,9,37747,21968713,9,37747,21968712,0,4
A375,906793,990287,990401,9,21976872,22107006,9,21976871,22107005,0,0
A375,906793,990402,995148,9,22113909,28362329,9,22113908,28362327,0,4
A375,906793,995149,1002537,-,-,-,9,28371246,44629224,0,3
A375,906793,1002538,1002578,9,61520022,61647900,9,44727860,44855738,0,1
A375,906793,1002579,1049771,-,-,-,9,44864688,136201470,0,3
A375,906793,1049772,1050395,9,133338901,134522065,9,136205738,137413911,0,2
A375,906793,1050396,1051314,9,134522296,135972242,9,137414142,138864088,0,3
A375,906793,1051315,1051767,9,135973766,137563957,9,138865612,140458409,0,2
A375,906793,1051768,1052131,9,137572364,138200945,9,140466816,141091395,0,3
A375,906793,1052132,1105437,-,-,-,10,72760,78956401,0,2
A375,906793,1105438,1145357,10,77196696,133769380,10,78956454,135506705,0,3
A375,906793,1145358,1167689,11,198510,31057572,11,198510,31079119,1,2
A375,906793,1167690,1179266,11,31058330,47972110,11,31079877,47993662,1,3
A375,906793,1179267,1180351,11,47973748,50273939,11,47995300,50233110,0,3
A375,906793,1180352,1210940,-,-,-,11,50234122,102669645,1,3
A375,906793,1210941,1211454,11,102800117,103546405,11,102670848,103417133,0,3
A375,906793,1211455,1212602,11,103547356,105044242,11,103418084,104914969,1,3
A375,906793,1212603,1213439,11,105044412,106391571,11,104915139,106262298,0,3
A375,906793,1213440,1214440,11,106391630,107787327,11,106262357,107658053,1,3
A375,906793,1214441,1217493,11,107788298,112615845,11,107659024,112486568,0,2
A375,906793,1217494,1234532,11,112617962,135074876,11,112488685,134944770,1,3
A375,906793,1234533,1249763,12,45000,22221473,12,150443,22374407,1,3
A375,906793,1249764,1250482,12,22221607,23252345,12,22374541,23405279,0,3
A375,906793,1250483,1250654,12,23254884,23579497,12,23407818,23732431,0,5
A375,906793,1250655,1253840,12,23581809,27689219,12,23734743,27842152,0,3
A375,906793,1253841,1267570,-,-,-,12,27844021,52718206,1,3
A375,906793,1267571,1267965,12,52325089,52708949,12,52718873,53102733,0,3
A375,906793,1267966,1305921,12,52710951,111108361,12,53104735,111546165,1,3
A375,906793,1305922,1307047,12,111108928,112971069,12,111546732,113408874,0,3
A375,906793,1307048,1310680,12,112971192,117574586,12,113408997,118012391,1,3
A375,906793,1310681,1319330,12,117575010,129862095,12,118012815,130346640,0,3
A375,906793,1319331,1321470,12,129862294,133201604,12,130346839,133778190,1,3
A375,906793,1321471,1347118,13,18452810,55165957,13,19026950,55740092,1,3
A375,906793,1347119,1347138,13,55173451,55208130,13,55747586,55782265,0,1
A375,906793,1347139,1347842,13,55211723,56562508,13,55785858,57136642,0,3
A375,906793,1347843,1362662,13,56562962,79280063,13,57137096,79854198,1,3
A375,906793,1362663,1363344,13,79281413,80294898,13,79855548,80869033,0,3
A375,906793,1363345,1365029,13,80303527,83041337,13,80877662,83615472,1,3
A375,906793,1365030,1365044,13,83041631,83063856,13,83615766,83637991,1,4
A375,906793,1365045,1366108,13,83065085,84711720,13,83639220,85285855,2,4
A375,906793,1366109,1366831,13,84718258,85752817,13,85292393,86326952,0,4
A375,906793,1366832,1373367,13,85753388,95960431,13,86327523,96612685,2,4
A375,906793,1373368,1375466,13,95966097,99079367,13,96618351,99731621,1,3
A375,906793,1375467,1375940,13,99081871,99810265,13,99734125,100462519,0,3
A375,906793,1375941,1378425,13,99811254,103034038,13,100463508,103686388,1,3
A375,906793,1378426,1378630,13,103036211,103259840,13,103688561,103912190,0,3
A375,906793,1378631,1385678,13,103261317,111678514,13,103913667,112330861,0,4
A375,906793,1385679,1387040,-,-,-,13,112331839,115108398,0,3
A375,906793,1387041,1396829,14,18225648,34183952,14,19002125,34653158,0,2
A375,906793,1396830,1397031,14,34184090,34440924,14,34653296,34910130,0,3
A375,906793,1397032,1413992,14,34444470,61230320,14,34913676,61697038,0,2
A375,906793,1413993,1414422,14,61230534,61746731,14,61697252,62213449,0,3
A375,906793,1414423,1443224,14,61753288,105758188,14,62220006,106224525,0,2
A375,906793,1443225,1443350,-,-,-,14,106246303,106538063,1,3
A375,906793,1443351,1443363,-,-,-,14,106541754,106567101,0,0
A375,906793,1443364,1443566,14,106113330,106471659,14,106569464,106927583,0,3
A375,906793,1443567,1443810,14,106475362,106877229,14,106931366,107285437,0,2
A375,906793,1443811,1451966,-,-,-,15,20016329,34722632,1,3
A375,906793,1451967,1452035,15,34430602,34517888,15,34722803,34810089,0,0
A375,906793,1452036,1452046,15,34520919,34570523,15,34813120,34862724,0,2
A375,906793,1452047,1478956,15,34576696,76445795,15,34868897,76738136,1,3
A375,906793,1478957,1479114,15,76446618,76703887,15,76738959,76996228,0,2
A375,906793,1479115,1497177,15,76704160,101928838,15,76996501,102469041,1,3
A375,906793,1497178,1500796,16,10778,6306689,16,60778,6356690,1,3
A375,906793,1500797,1511119,16,6307059,19933041,16,6357060,19944363,0,3
A375,906793,1511120,1511149,16,19934329,19956041,16,19945651,19967363,0,0
A375,906793,1511150,1511227,16,19958933,20053056,16,19970255,20064378,0,3
A375,906793,1511228,1532484,-,-,-,16,20064495,66440142,1,3
A375,906793,1532485,1538320,16,66408503,76752910,16,66442406,76786807,0,3
A375,906793,1538321,1538500,16,76756136,76982349,16,76790033,77016246,0,4
A375,906793,1538501,1550202,16,76982383,88334893,16,77016280,88368499,0,3
A375,906793,1550203,1550768,16,88335726,89703356,16,88369332,89769764,0,2
A375,906793,1550769,1550978,16,89707988,90221128,16,89774396,90287536,0,3
A375,906793,1550979,1562584,17,150734,18142976,17,527,18046290,1,3
A375,906793,1562585,1563616,17,18146196,20426904,17,18049510,20330217,0,3
A375,906793,1563617,1578966,-,-,-,17,20336135,50940403,1,3
A375,906793,1578967,1587466,17,52868537,66936360,17,50945897,64932477,0,3
A375,906793,1587467,1597369,17,66937523,83091922,17,64933640,81049726,1,3
A375,906793,1597370,1620039,-,-,-,18,11543,37325666,1,2
A375,906793,1620040,1620253,18,39746232,40089228,18,37326196,37669192,1,3
A375,906793,1620254,1632653,18,40090560,58082820,18,37670524,55750052,1,2
A375,906793,1632654,1632851,18,58082942,58311779,18,55750174,55979011,1,3
A375,906793,1632852,1649157,18,58311813,80257174,18,55979045,78015057,1,2
A375,906793,1649158,1649978,19,90911,2989699,19,90911,2989697,0,2
A375,906793,1649979,1653857,19,2989978,11636954,19,2989976,11747769,1,3
A375,906793,1653858,1653878,19,11637529,11676365,19,11748344,11787180,0,4
A375,906793,1653879,1656907,19,11678744,17172848,19,11789559,17283657,2,4
A375,906793,1656908,1657940,19,17173075,19610973,19,17283884,19721782,1,3
A375,906793,1657941,1658013,19,19615960,19773382,19,19726769,19884191,0,4
A375,906793,1658014,1660774,19,19774931,24321304,19,19885740,24504106,2,4
A375,906793,1660775,1679380,-,-,-,19,24505063,59097855,1,3
A375,906793,1679381,1688119,20,80665,11105982,20,61306,11086630,1,3
A375,906793,1688120,1688832,20,11106182,12031006,20,11086830,12011654,0,3
A375,906793,1688833,1696047,20,12031997,20762313,20,12012645,20742956,1,3
A375,906793,1696048,1696620,20,20763386,21637770,20,20744029,21618408,0,3
A375,906793,1696621,1701521,-,-,-,20,21619273,32901375,1,3
A375,906793,1701522,1721490,20,34313858,61507009,20,32901664,60082065,1,4
A375,906793,1721491,1722835,20,61507830,64324801,20,60082886,62956154,1,3
A375,906793,1722836,1723049,-,-,-,21,9764385,14650674,1,3
A375,906793,1723050,1734205,21,13278407,28354134,21,14650728,29726454,1,2
A375,906793,1734206,1735312,21,28355227,29822715,21,29727547,31195032,0,2
A375,906793,1735313,1747783,21,29822833,46677046,21,31195150,48096958,1,2
A375,906793,1747784,1768937,22,16367188,46962239,22,16052529,47358135,1,2
A375,906793,1768938,1769849,22,46962339,47964775,22,47358235,48360524,0,2
A375,906793,1769850,1772062,22,47964830,50796028,22,48360579,51234456,1,2
A375,906793,1772063,1775558,X,228161,6540770,X,119805,6458811,0,2
A375,906793,1775559,1776796,X,6540843,8167617,X,6458884,8135658,0,0
A375,906793,1776797,1804895,X,8173049,54421846,X,8141090,54448279,0,2
A375,906793,1804896,1804970,X,54425117,54606688,X,54451550,54633121,0,1
A375,906793,1804971,1839595,X,54607966,123931490,X,54634399,123065340,0,2
A375,906793,1839596,1839673,X,123932140,124036329,X,123065990,123170179,0,3
A375,906793,1839674,1852183,X,124041420,144976553,X,123175270,144058073,0,2
A375,906793,1852184,1852198,X,144977403,144996372,X,144058923,144077892,0,0
A375,906793,1852199,1859010,X,144996448,155952690,X,144077968,155182355,0,2
A375,906793,1859011,1859157,Y,2782398,3076043,Y,2650439,2944084,0,0
A375,906793,1859158,1859299,Y,3077985,3553010,Y,2946026,3421051,0,2
A375,906793,1859300,1859353,Y,3553331,3759238,Y,3421372,3627279,0,0
A375,906793,1859354,1859390,Y,3762255,3867272,Y,3630296,3735313,0,2
A375,906793,1859391,1859436,Y,3869201,3987694,Y,3737242,3855735,0,0
A375,906793,1859437,1859477,Y,3987711,4138817,Y,3855752,4006858,0,3
A375,906793,1859478,1859487,Y,4143447,4162543,Y,4011488,4030584,0,0
A375,906793,1859488,1859535,Y,4162545,4349395,Y,4030586,4217436,0,2
A375,906793,1859536,1859554,Y,4349649,4444802,Y,4217690,4312843,0,0
A375,906793,1859555,1859580,Y,4453197,4504320,Y,4321238,4372361,0,2
A375,906793,1859581,1859594,Y,4517965,4574838,Y,4386006,4442879,0,0
A375,906793,1859595,1860047,Y,4576592,6139985,Y,4444633,6008026,0,1
A375,906793,1860048,1860093,Y,6140329,6233340,Y,6008370,6101381,0,0
A375,906793,1860094,1860300,Y,6233356,6747314,Y,6101397,6615355,0,2
A375,906793,1860301,1860395,Y,6747321,6926470,Y,6615362,6794511,0,0
A375,906793,1860396,1860505,Y,6928632,7123695,Y,6796673,6991736,0,1
A375,906793,1860506,1860767,Y,7124406,7656064,Y,6992447,7524105,0,0
A375,906793,1860768,1860811,Y,7656285,7717270,Y,7524326,7585311,0,3
A375,906793,1860812,1861050,Y,7717399,8038391,Y,7585440,7906432,0,0
A375,906793,1861051,1861076,Y,8039227,8063595,Y,7907268,7931636,0,3
A375,906793,1861077,1861385,Y,8064370,8505343,Y,7932411,8373384,0,0
A375,906793,1861386,1861528,Y,8507535,8739854,Y,8375576,8607895,0,1
A375,906793,1861529,1861636,Y,8739983,8970838,Y,8608024,8838879,0,0
A375,906793,1861637,1861652,Y,8972703,9012449,Y,8840744,8880490,0,3
A375,906793,1861653,1861736,-,-,-,Y,8881096,9131385,0,0
A375,906793,1861737,1861753,Y,9293828,9312347,Y,9131437,9149956,0,2
A375,906793,1861754,1861839,-,-,-,Y,9150269,9465412,0,0
A375,906793,1861840,1861942,Y,9629171,9894156,Y,9466780,9731765,0,2
A375,906793,1861943,1862041,Y,9897985,10089587,Y,9735594,9927196,0,0
A375,906793,1862042,1862110,-,-,-,Y,9927723,13885615,0,2
A375,906793,1862111,1862383,Y,11767235,12295653,Y,13887941,14416356,0,0
A375,906793,1862384,1862502,Y,12296268,12510557,Y,14416971,14622359,0,1
A375,906793,1862503,1863976,Y,12510680,15316476,Y,14622482,17428356,0,0
A375,906793,1863977,1863989,Y,15317259,15337477,Y,17429139,17449357,0,4
A375,906793,1863990,1865202,Y,15341862,17516044,Y,17453742,19627924,0,0
A375,906793,1865203,1865293,Y,17516455,17740664,Y,19628335,19852544,0,4
A375,906793,1865294,1865566,-,-,-,Y,19853658,20499865,0,0
A375,906793,1865567,1865645,Y,18338418,18490988,Y,20500304,20652874,0,2
A375,906793,1865646,1865955,Y,18495153,19051171,Y,20657039,21213057,0,0
A375,906793,1865956,1866038,Y,19051547,19248886,Y,21213433,21410772,0,2
A375,906793,1866039,1866615,Y,19251379,20803018,Y,21413265,22964904,0,0
A375,906793,1866616,1866626,Y,20805155,20811053,Y,22967041,22972939,0,3
A375,906793,1866627,1866940,Y,20811136,21491313,Y,22973022,23653199,0,0
A375,906793,1866941,1866979,Y,21491357,21603764,Y,23653243,23765650,0,4
A375,906793,1866980,1867060,-,-,-,Y,23766155,23989547,0,0
A375,906793,1867061,1867078,Y,21844084,21859213,Y,23990231,24005360,0,2
A375,906793,1867079,1867090,Y,21861432,21923958,Y,24007579,24070105,0,0
A375,906793,1867091,1867105,Y,21924038,22108823,Y,24070185,24254970,0,5
A375,906793,1867106,1867435,Y,22123042,23773452,Y,24269189,25919599,0,0
A375,906793,1867436,1867494,Y,23774020,23907731,Y,25920167,26053878,0,3
A375,906793,1867495,1867584,Y,23907942,24175163,Y,26054089,26321310,0,0
A375,906793,1867585,1867602,Y,24186918,24247516,Y,26333065,26393663,0,8
A375,906793,1867603,1867618,Y,24255568,24280937,Y,26401715,26427084,0,0
A375,906793,1867619,1867638,Y,24281376,24326690,Y,26427523,26472837,0,9
A375,906793,1867639,1867656,Y,24327810,24472989,Y,26473957,26619136,0,0
A375,906793,1867657,1867791,Y,24484783,25408250,Y,26630930,27554397,0,3
A375,906793,1867792,1868020,Y,25411255,26034611,Y,27557402,28180758,0,0
A375,906793,1868021,1868129,Y,26044763,26359547,Y,28190910,28505694,0,2
A375,906793,1868130,1868240,Y,26359904,26544591,Y,28506051,28690738,0,0
A375,906793,1868241,1868328,-,-,-,Y,28695616,58984910,0,2
A375,906793,1868329,1868331,Y,56838790,56842664,Y,58984937,58988811,0,0
A375,906793,1868332,1868570,Y,56842868,56886662,Y,58989015,59032809,0,3
